<?xml version="1.0" encoding="UTF-8"?>
<!DOCTYPE hibernate-configuration PUBLIC "-//Hibernate/Hibernate Configuration DTD 3.0//EN"
                                         "http://www.hibernate.org/dtd/hibernate-configuration-3.0.dtd">
<hibernate-configuration>
	<session-factory name="">
		<pe.com.hiper.sample.sakila.shared.domain.mapping class="pe.com.hiper.sample.sakila.shared.domain.pe.com.hiper.sample.sakila.shared.domain.mapping.Actor" />
		<pe.com.hiper.sample.sakila.shared.domain.mapping class="pe.com.hiper.sample.sakila.shared.domain.pe.com.hiper.sample.sakila.shared.domain.mapping.City" />
		<pe.com.hiper.sample.sakila.shared.domain.mapping class="pe.com.hiper.sample.sakila.shared.domain.pe.com.hiper.sample.sakila.shared.domain.mapping.Inventory" />
		<pe.com.hiper.sample.sakila.shared.domain.mapping class="pe.com.hiper.sample.sakila.shared.domain.pe.com.hiper.sample.sakila.shared.domain.mapping.FilmText" />
		<pe.com.hiper.sample.sakila.shared.domain.mapping class="pe.com.hiper.sample.sakila.shared.domain.pe.com.hiper.sample.sakila.shared.domain.mapping.Film" />
		<pe.com.hiper.sample.sakila.shared.domain.mapping class="pe.com.hiper.sample.sakila.shared.domain.pe.com.hiper.sample.sakila.shared.domain.mapping.Category" />
		<pe.com.hiper.sample.sakila.shared.domain.mapping class="pe.com.hiper.sample.sakila.shared.domain.pe.com.hiper.sample.sakila.shared.domain.mapping.Language" />
		<pe.com.hiper.sample.sakila.shared.domain.mapping class="pe.com.hiper.sample.sakila.shared.domain.pe.com.hiper.sample.sakila.shared.domain.pe.com.hiper.sample.sakila.shared.domain.mapping.Customer" />
		<pe.com.hiper.sample.sakila.shared.domain.mapping class="pe.com.hiper.sample.sakila.shared.domain.pe.com.hiper.sample.sakila.shared.domain.pe.com.hiper.sample.sakila.shared.domain.mapping.Rental" />
		<pe.com.hiper.sample.sakila.shared.domain.mapping class="pe.com.hiper.sample.sakila.shared.domain.pe.com.hiper.sample.sakila.shared.domain.pe.com.hiper.sample.sakila.shared.domain.mapping.Payment" />
		<pe.com.hiper.sample.sakila.shared.domain.mapping class="pe.com.hiper.sample.sakila.shared.domain.pe.com.hiper.sample.sakila.shared.domain.pe.com.hiper.sample.sakila.shared.domain.mapping.Address" />
		<pe.com.hiper.sample.sakila.shared.domain.mapping class="pe.com.hiper.sample.sakila.shared.domain.pe.com.hiper.sample.sakila.shared.domain.pe.com.hiper.sample.sakila.shared.domain.mapping.Country" />
		<pe.com.hiper.sample.sakila.shared.domain.mapping class="pe.com.hiper.sample.sakila.shared.domain.pe.com.hiper.sample.sakila.shared.domain.pe.com.hiper.sample.sakila.shared.domain.mapping.Store" />
		<pe.com.hiper.sample.sakila.shared.domain.mapping class="pe.com.hiper.sample.sakila.shared.domain.pe.com.hiper.sample.sakila.shared.domain.pe.com.hiper.sample.sakila.shared.domain.mapping.FilmCategory" />
		<pe.com.hiper.sample.sakila.shared.domain.mapping class="pe.com.hiper.sample.sakila.shared.domain.pe.com.hiper.sample.sakila.shared.domain.pe.com.hiper.sample.sakila.shared.domain.mapping.Staff" />
		<pe.com.hiper.sample.sakila.shared.domain.mapping class="pe.com.hiper.sample.sakila.shared.domain.pe.com.hiper.sample.sakila.shared.domain.pe.com.hiper.sample.sakila.shared.domain.mapping.FilmActor" />
	</session-factory>
</hibernate-configuration>
