<?xml version="1.0" encoding="UTF-8"?>

<!DOCTYPE module PUBLIC "-//Google Inc.//DTD Google Web Toolkit 1.7.0//EN" "http://google-web-toolkit.googlecode.com/svn/tags/1.7.0/distro-source/core/src/gwt-module.dtd">

<module rename-to="sakila">
	<inherits name="com.google.gwt.user.User" />

	<inherits name='com.sencha.gxt.ui.GXT' />

	<inherits name='com.sencha.gxt.chart.Chart' />

	<inherits name='com.google.gwt.user.theme.clean.Clean' />

	<inherits name="com.google.gwt.i18n.I18N" />

	<!-- GZip the output files by default -->
	<inherits name='com.google.gwt.precompress.Precompress' />

	<set-property name="gwt.logging.logLevel" value="FINEST" />
	<set-property name="gwt.logging.enabled" value="TRUE" />
	<set-property name="gwt.logging.popupHandler" value="DISABLED" />

	<entry-point class="pe.com.hiper.sample.sakila.client.MainEntryPoint" />

	<extend-property name="locale" values="es" />

	<source path='client' />
	<source path='server'>
		<exclude name="**/impl/**" />
	</source>
	<source path='shared' />
</module>
